source,dealer_id,rounded_price,car_id,price,url
scuk_calculator_v1,77,25000,27872019,29995,https://www.promotors.co.uk/used-ford-ranger-bournemouth-dorset-6897539
scuk_calculator_v1,77,15000,28058048,16995,https://www.promotors.co.uk/used-audi-tt-bournemouth-dorset-6947355
scuk_calculator_v1,77,20000,28091615,20995,https://www.promotors.co.uk/used-bmw-4-series-gran-coupe-bournemouth-dorset-6955573
scuk_calculator_v1,77,5000,28118732,6995,https://www.promotors.co.uk/used-citroen-c3-bournemouth-dorset-6962177
scuk_calculator_v1,94,15000,17651750,17079,https://www.qualitypartxltd.co.uk/used-bmw-3-series-stevenage-hertfordshire-4438094
scuk_calculator_v1,94,0,21562487,3049,https://www.qualitypartxltd.co.uk/used-peugeot-308-stevenage-hertfordshire-1580789
scuk_calculator_v1,94,60000,27973559,64279,https://www.qualitypartxltd.co.uk/used-mercedes-benz-s-class-stevenage-hertfordshire-6925105
scuk_calculator_v1,121,15000,25551317,15000,https://www.topgear-carsales.co.uk/vehicle/land-rover-defender-110-24-tdci-4wd-mwb-euro-4-2dr-in-gillingham-kent-854ef949-22ce-44a6-9514-b1e601037bb6
scuk_calculator_v1,121,10000,26202768,10799,https://www.topgear-carsales.co.uk/vehicle/nissan-leaf-62kwh-e-tekna-auto-5dr-in-gillingham-kent-19374861-7547-4ec3-9c75-b222010c734c
scuk_calculator_v1,121,0,27540742,2500,https://www.topgear-carsales.co.uk/vehicle/nissan-primera-18-sx-5dr-in-gillingham-kent-5e6498d8-5803-4997-a914-b2aa00ef3d9c
scuk_calculator_v1,205,20000,26311686,23990,https://www.stevelane-cars.co.uk/used-land-rover-range-rover-solihull-west-midlands-6504735
scuk_calculator_v1,205,25000,27389209,29990,https://www.stevelane-cars.co.uk/used-bmw-x5-solihull-west-midlands-6773799
scuk_calculator_v1,205,35000,27621209,39990,https://www.stevelane-cars.co.uk/used-land-rover-range-rover-velar-solihull-west-midlands-6833721
scuk_calculator_v1,205,5000,27753550,8490,https://www.stevelane-cars.co.uk/used-fiat-500-solihull-west-midlands-6865850
scuk_calculator_v1,205,15000,27863690,18990,https://www.stevelane-cars.co.uk/used-bmw-6-series-solihull-west-midlands-6891316
scuk_calculator_v1,205,10000,27881642,14990,https://www.stevelane-cars.co.uk/used-vauxhall-mokka-electric-solihull-west-midlands-6903060
scuk_calculator_v1,205,75000,27933052,79900,https://www.stevelane-cars.co.uk/used-bentley-arnage-solihull-west-midlands-6910842
scuk_calculator_v1,205,0,28057526,4490,https://www.stevelane-cars.co.uk/used-mg-tf-solihull-west-midlands-6936292
scuk_calculator_v1,764,45000,26178196,47250,https://www.carreraspecialistcars.co.uk/used/cars/mercedes-benz/v-class/2-0-v300d-amg-line-g-tronic-euro-6-s-s-5dr-xlwb-11
scuk_calculator_v1,764,35000,26417813,35490,https://www.carreraspecialistcars.co.uk/used/cars/bmw/m2/3-0-biturbo-competition-dct-euro-6-s-s-2dr-10
scuk_calculator_v1,764,15000,27154782,15500,https://www.carreraspecialistcars.co.uk/used/cars/bmw/x3/2-0-20d-xline-auto-xdrive-euro-6-s-s-5dr-8
scuk_calculator_v1,764,20000,27190028,24490,https://www.carreraspecialistcars.co.uk/used/cars/volkswagen/golf/2-0-tsi-r-dsg-4motion-euro-6-s-s-5dr-9
scuk_calculator_v1,764,25000,27559362,27990,https://www.carreraspecialistcars.co.uk/used/cars/bmw/x3/3-0-30d-m-sport-auto-xdrive-euro-6-s-s-5dr-22
scuk_calculator_v1,1531,10000,27695316,10495,https://www.dcccarsltd.co.uk/used-volkswagen-golf-darlington-county-durham-5100653
scuk_calculator_v1,1531,0,27913026,4995,https://www.dcccarsltd.co.uk/used-kia-venga-darlington-county-durham-6909123
scuk_calculator_v1,2584,95000,26145765,99950,https://www.ubergt.co.uk/used/cars/jaguar/xk150/xk150-open-two-seater-stunning-2862
scuk_calculator_v1,2584,15000,27728575,16950,https://www.ubergt.co.uk/used/cars/jaguar/xkr/stunning-cherished-example-only-3-owners-1492
scuk_calculator_v1,2584,65000,27821061,69950,https://www.ubergt.co.uk/used/cars/porsche/911/carrera-gts-pdk-aerokit-and-just-serviced-at-porsche-reading-3039
scuk_calculator_v1,2601,10000,19195795,14495,https://www.motorfair.co.uk/used-cars/hyundai-ioniq-38-3kwh-premium-hatchback-5dr-electric-auto-136-ps-5-door-hatchback-white/bd71efh
scuk_calculator_v1,2601,30000,23257108,30995,https://www.motorfair.co.uk/used-cars/suzuki-across-2-5-18-1kwh-suv-5dr-petrol-plug-in-hybrid-e-cvt-4wd-euro-6-s-s-287-ps-5-door-suv-black/vk23ljy
scuk_calculator_v1,2601,20000,23270005,20000,https://www.motorfair.co.uk/used-cars/suzuki-swace-1-8h-ultra-estate-5dr-petrol-hybrid-cvt-euro-6-s-s-140-ps-5-door-estate-black/bp23djj
scuk_calculator_v1,2601,25000,23492433,25995,https://www.motorfair.co.uk/used-cars/hyundai-ioniq-6-ioniq-6-ultimate-4-door-saloon-green/bd73hya
scuk_calculator_v1,2601,15000,24900649,18250,https://www.motorfair.co.uk/used-cars/kia-niro-1-6-gdi-8-9kwh-3-suv-5dr-petrol-plug-in-hybrid-dct-euro-6-s-s-139-bhp-5-door-suv-grey/av70gxl
scuk_calculator_v1,2601,5000,26076571,7995,https://www.motorfair.co.uk/used-cars/nissan-juke-1-6-tekna-suv-5dr-petrol-xtron-euro-6-117-ps-5-door-suv-blue/gc15byn
scuk_calculator_v1,2601,35000,26215355,35995,https://www.motorfair.co.uk/used-cars/hyundai-tucson-1-6-t-gdi-13-8kwh-n-line-s-suv-5dr-petrol-plug-in-hybrid-auto-4wd-euro-6-s-s-253-ps-5-door-suv-silver/bw24zpl
scuk_calculator_v1,2601,40000,26401508,40000,https://www.motorfair.co.uk/used-cars/kia-ev6-77-4kwh-gt-line-s-hatchback-5dr-electric-auto-225-bhp-5-door-hatchback-white/vo24gze
scuk_calculator_v1,2601,45000,26934593,48900,https://www.motorfair.co.uk/used-cars/hyundai-santa-fe-1-6-h-t-gdi-calligraphy-suv-5dr-petrol-hybrid-auto-4wd-euro-6-s-s-215-ps-5-door-suv-silver/f3spg
scuk_calculator_v1,2601,0,26934594,4995,https://www.motorfair.co.uk/used-cars/vauxhall-viva-1-0i-se-hatchback-5dr-petrol-manual-euro-6-75-ps-5-door-hatchback-blue/bd17uyu
scuk_calculator_v1,2601,55000,28060317,57795,https://www.motorfair.co.uk/used-cars/land-rover-defender-110-3-0-d250-mhev-x-dynamic-se-suv-5dr-diesel-auto-4wd-euro-6-s-s-250-ps-5-door-suv-black/mt72azv
scuk_calculator_v1,3237,10000,18243493,13990,https://www.riverside-cars.co.uk/used-cars/15013106-mercedes-benz-a-class-1.6-a180-sport-edition-euro-6-s-s-5dr/
scuk_calculator_v1,3237,5000,27189199,8990,https://www.riverside-cars.co.uk/used-cars/19284098-nissan-juke-1.0-dig-t-n-connecta-euro-6-s-s-5dr/
scuk_calculator_v1,3237,20000,27192697,24990,https://www.riverside-cars.co.uk/used-cars/19286276-land-rover-range-rover-sport-3.0-sd-v6-hse-dynamic-auto-4wd-euro-6-s-s-5dr/
scuk_calculator_v1,3237,15000,27853008,19990,https://www.riverside-cars.co.uk/used-cars/19555147-mercedes-benz-e-class-2.0-e220d-amg-line-edition-g-tronic-euro-6-s-s-4dr/
scuk_calculator_v1,3237,30000,28003871,32500,https://www.riverside-cars.co.uk/used-cars/19616532-land-rover-range-rover-3.0-sd-v6-vogue-auto-4wd-euro-6-s-s-5dr/
scuk_calculator_v1,3237,25000,28110806,28500,https://www.riverside-cars.co.uk/used-cars/19667521-jaguar-f-pace-2.0-d200-mhev-r-dynamic-s-auto-awd-euro-6-s-s-5dr/
scuk_calculator_v1,3367,15000,22496106,16690,https://www.handmcars.co.uk/cars-for-sale/oxfordshire/car/1593/audi-a3-35-tfsi-s-line-s-t
scuk_calculator_v1,3367,10000,26111793,11490,https://www.handmcars.co.uk/cars-for-sale/oxfordshire/car/1818/volkswagen-e-transporter-110-37-3kwh-advance-auto-lwb
scuk_calculator_v1,3367,20000,27986400,22990,https://www.handmcars.co.uk/cars-for-sale/oxfordshire/car/1914/volkswagen-transporter-t32-se-tdi-bmt-auto
scuk_calculator_v1,4230,15000,26863053,16499,https://www.iandkmotors.co.uk/used-ford-fiesta-inverurie-aberdeenshire-6644575
scuk_calculator_v1,4230,15000,26863053,16499,https://www.iandkmotors.co.uk/used-ford-fiesta-inverurie-aberdeenshire-6644575
scuk_calculator_v1,4560,55000,26085234,59995,https://www.eric-carter.co.uk/cars/citroen-relay-lwb-motorhome-l4-h2-23-reg/
scuk_calculator_v1,4560,10000,26977178,12795,https://www.eric-carter.co.uk/cars/nissan-juke-dig-t-turbo-acenta-edition-suv-71-reg/
scuk_calculator_v1,4560,0,27529553,4995,https://www.eric-carter.co.uk/cars/renault-zoe-65kw-i-dynamique-intense-5-door/
scuk_calculator_v1,4560,5000,27592298,8495,https://www.eric-carter.co.uk/cars/dacia-sandero-1-0-sce-stepway-essential-19-reg/
scuk_calculator_v1,4665,115000,26085220,117995,https://www.enkaeprestigemotors.co.uk/used-land-rover-range-rover-vogue-huddersfield-yorkshire-6263347
scuk_calculator_v1,4665,5000,27799249,9995,https://www.enkaeprestigemotors.co.uk/used-ford-focus-huddersfield-yorkshire-6862632
scuk_calculator_v1,4841,15000,27134639,19194,https://www.sparshattsgroup.co.uk/used/view/61661/toyota-corolla-touring-sports-1.8-vvt-h-gpf-design-touring-sports-5dr-petrol-hybrid-cvt-euro-6-(s-s)-(122-ps)
scuk_calculator_v1,4841,10000,27237552,11796,https://www.sparshattsgroup.co.uk/used/view/61715/renault-clio-1.5-dci-gt-line-edc-euro-6-(s-s)-(90-ps)
scuk_calculator_v1,4841,40000,28011833,41579,https://www.sparshattsgroup.co.uk/used/view/61964/bmw-x5-3.0-30d-mht-m-sport-suv-5dr-hybrid-auto-xdrive-euro-6-(s-s)-(286-ps)
scuk_calculator_v1,4844,10000,27196998,13850,https://www.sparshattsgroup.co.uk/used/view/61689/volkswagen-golf-1.0-tsi-match-euro-6-(s-s)-(115-ps)
scuk_calculator_v1,4844,15000,27223292,18138,https://www.sparshattsgroup.co.uk/used/view/61702/audi-a4-2.0-tfsi-35-s-line-s-tronic-euro-6-(s-s)-(150-ps)
scuk_calculator_v1,4844,5000,27303779,7850,https://www.sparshattsgroup.co.uk/used/view/61745/dacia-duster-1.3-tce-prestige-suv-5dr-euro-6-(s-s)-(130-ps)
scuk_calculator_v1,4844,25000,27548880,27549,https://www.sparshattsgroup.co.uk/used/view/61830/volkswagen-golf-2.0-tdi-gtd-dsg-euro-6-(s-s)-(200-ps)
scuk_calculator_v1,4844,20000,27596354,24931,https://www.sparshattsgroup.co.uk/used/view/61846/mercedes-benz-gla200d-2.0-gla200d-amg-line-(executive)-suv-5dr-8g-dct-euro-6-(s-s)-(150-ps)
scuk_calculator_v1,4844,30000,27960754,32644,https://www.sparshattsgroup.co.uk/used/view/61999/mercedes-benz-amg-c63-cabriolet-4.0-c63-v8-biturbo-amg-(premium)-cabriolet-2dr-spds-mct-euro-6-(s-s)-(476-ps)
scuk_calculator_v1,4844,40000,28057657,44479,https://www.sparshattsgroup.co.uk/used/view/62078/land-rover-discovery-3.0-d300-mhev-r-dynamic-hse-suv-5dr-diesel-auto-4wd-euro-6-(s-s)-(300-ps)
scuk_calculator_v1,4871,20000,22886447,20995,https://www.gliddoncars.com/used/vauxhall/vx220/20-turbo-300-ps-extensive-modifications/brixham/devon/21132490/
scuk_calculator_v1,4871,15000,23551487,18995,https://www.gliddoncars.com/used/ford/kuga/15-ecoblue-titanium-edition-navigation-120-ps-1-owner-from-new/brixham/devon/21187161/
scuk_calculator_v1,4871,25000,25062933,29995,https://www.gliddoncars.com/used/audi/q3/40-tfsi-quattro-vorsprung-navigation-190-ps-automatic-2-owners-from-new/brixham/devon/21345933/
scuk_calculator_v1,4884,15000,24864474,19695,https://cliffdickenson.co.uk/used/van/ford-transit-custom-20-ecoblue-130ps-low-roof-limited-van-mv72cka
scuk_calculator_v1,4884,10000,25726810,14995,https://cliffdickenson.co.uk/used/car/ford-fiesta-10-ecoboost-st-line-5dr-mh72lhw-1
scuk_calculator_v1,4884,20000,25874919,23195,https://cliffdickenson.co.uk/used/van/ford-transit-custom-20-ecoblue-130ps-low-roof-limited-van-auto-ma23thn-1
scuk_calculator_v1,4884,35000,27335375,39995,https://cliffdickenson.co.uk/used/car/ford-ranger-pick-up-dcab-wildtrak-30-ecoblue-v6-240-auto-dn73upl-1
scuk_calculator_v1,4884,25000,27522909,28995,https://cliffdickenson.co.uk/used/car/ford-focus-23-ecoboost-st-5dr-auto-md73opc-1
scuk_calculator_v1,4884,5000,27820413,8995,https://cliffdickenson.co.uk/used/car/ford-fiesta-11-zetec-navigation-5dr-mj18czc-1
scuk_calculator_v1,5183,10000,25974639,14495,https://www.sonningcommongarages.com/used-cars/18740145-bmw-i3-2020-20-i3-s-135k-w-s-42k-wh-5dr-auto/
scuk_calculator_v1,5183,15000,26873136,16695,https://www.sonningcommongarages.com/used-cars/18981650-mini-countryman-2019-69-2.0-cooper-s-classic-5dr/
scuk_calculator_v1,5183,20000,27465762,21995,https://www.sonningcommongarages.com/used-cars/19398702-vauxhall-grandland-2024-73-1.2-turbo-ultimate-5dr/
scuk_calculator_v1,5183,5000,27647230,5495,https://www.sonningcommongarages.com/used-cars/19438780-peugeot-108-2017-17-1.0-active-3dr/
scuk_calculator_v1,5183,0,27898931,4995,https://www.sonningcommongarages.com/used-cars/19571627-vauxhall-astra-2013-13-1.6i-16-v-sri-nav-5dr/
scuk_calculator_v1,5265,10000,22236520,10950,https://mccartneymotors.com/listings/2019-ford-transit-290-l2-h2-trend/
scuk_calculator_v1,5265,5000,25832174,7250,https://mccartneymotors.com/listings/2016-abarth-595-1-4-t-jet-140-trofeo/
scuk_calculator_v1,5265,15000,27674578,19750,https://mccartneymotors.com/listings/2020-volvo-xc40-1-5-t3-r-design/
scuk_calculator_v1,5309,25000,24276564,27524,https://www.hartwell.co.uk/used-car-details/used-ford-kuga-25-duratec-144kwh-st-line-ed-suv-silver-automatic-petrol-plug-in-hybrid/id-5210758434474176818/
scuk_calculator_v1,5309,15000,24777741,19495,https://www.hartwell.co.uk/used-car-details/used-ford-puma-10t-ecoboost-mhev-st-line-suv-hatchback-exclusive-paint---grey-matter-manual-petrol/id-3625472708268012087/
scuk_calculator_v1,5309,35000,25671355,37999,https://www.hartwell.co.uk/used-car-details/used-ford-explorer-extended-range-79kwh-premium-s-hatchback-magnetic-automatic-electric/id-5931886364050141233/
scuk_calculator_v1,5309,45000,25693868,47999,https://www.hartwell.co.uk/used-car-details/used-ford-capri-extended-range-77kwh-select-au-suv-choice-automatic-electric/id-1239/
scuk_calculator_v1,5309,30000,25836635,32799,https://www.hartwell.co.uk/used-car-details/used-ford-mustang-50-v8-gt-2dr-custom-pack-2-coupe-silver-manual-petrol/id-5347234220055410743/
scuk_calculator_v1,5309,55000,26376099,57199,https://www.hartwell.co.uk/used-car-details/used-ford-capri-premium-79kwh-extended-range-a-suv-vivid-yellow-manual-electric/id-6003959325464409654/
scuk_calculator_v1,5309,10000,26387180,14524,https://www.hartwell.co.uk/used-car-details/used-ford-fiesta-10t-ecoboost-mhev-st-line-edi-hatchback-metallic---agate-black-manual-petrol/id-5354289811789723702/
scuk_calculator_v1,5309,20000,26555577,22249,https://www.hartwell.co.uk/used-car-details/used-bmw-x1-20-20i-xline-suv-5dr-petrol-a-suv-fsh-mineral-white-automatic-petrol/id-3473776391763735348/
scuk_calculator_v1,5309,40000,27190227,40499,https://www.hartwell.co.uk/used-car-details/used-ford-capri-extended-range-77kwh-premium-s-suv-yellow-automatic-electric/id-9112/
scuk_calculator_v1,5309,5000,27474034,9349,https://www.hartwell.co.uk/used-car-details/used-vauxhall-corsa-e-50kwh-se-nav-premium-hatchback-hatchback-brilliant-paint---jade-white-automatic-electric/id-5563124436170190899/
scuk_calculator_v1,5309,65000,27617496,69499,https://www.hartwell.co.uk/used-car-details/used-land-rover-range-rover-sport-30-p440e-382kwh-dynamic-se-s-suv-santorini-black-automatic-petrol-plug-in-hybrid/id-5782957501032053040/
scuk_calculator_v1,5376,0,26843343,2750,https://www.adgsevenoaks.co.uk/used/cars/bmw/1-series/118d-se-1235
scuk_calculator_v1,5376,20000,27147387,23500,https://www.adgsevenoaks.co.uk/used/cars/audi/q4/sportback-s-line-1252
scuk_calculator_v1,5376,15000,27191601,18750,https://www.adgsevenoaks.co.uk/used/cars/bmw/6-series/650i-m-sport-1253
scuk_calculator_v1,5376,30000,27821932,30950,https://www.adgsevenoaks.co.uk/used/cars/mini/countryman/c-exclusive-1267
scuk_calculator_v1,5376,10000,27821933,14950,https://www.adgsevenoaks.co.uk/used/cars/mini/hatch/cooper-sport-1268
scuk_calculator_v1,5376,5000,27906990,5995,https://www.adgsevenoaks.co.uk/used/cars/vauxhall/mokka/1-6-cdti-se-auto-2wd-euro-6-5dr-1272
scuk_calculator_v1,5382,15000,24692448,19490,https://www.pinkstones.uk/used-cars/mg-mg4-64kwh-trophy-auto-5dr-5-door-hatchback-black/dn73jfy
scuk_calculator_v1,5382,10000,25263507,12495,https://www.pinkstones.uk/used-cars/mini-hatch-1-6-john-cooper-works-world-championship-euro-4-3dr-3-door-hatchback-black/ln10vlh
scuk_calculator_v1,5382,25000,25677479,27480,https://www.pinkstones.uk/used-cars/toyota-rav4-2-5-vvt-h-dynamic-cvt-euro-6-s-s-5dr-5-door-suv-blue/dv22cgg
scuk_calculator_v1,5382,20000,27224188,22980,https://www.pinkstones.uk/used-cars/mg-mg-hs-1-5-t-gdi-trophy-euro-6-s-s-5dr-5-door-suv-white/dp74yhc
scuk_calculator_v1,5382,5000,27625838,9790,https://www.pinkstones.uk/used-cars/ford-fiesta-1-0t-ecoboost-titanium-euro-6-s-s-5dr-5-door-hatchback-blue/ex18tju
scuk_calculator_v1,5382,30000,27803353,30179,https://www.pinkstones.uk/used-cars/toyota-c-hr-2-0-vvt-h-13-6-kwh-design-cvt-euro-6-s-s-5dr-5-door-suv-platinum-white-pearl/dl74bcy
scuk_calculator_v1,5382,35000,27803372,36295,https://www.pinkstones.uk/used-cars/lexus-es-2-5-300h-f-sport-e-cvt-euro-6-s-s-4dr-4-door-saloon-f-sport-white/du24yyf
scuk_calculator_v1,5382,40000,27803377,44495,https://www.pinkstones.uk/used-cars/lexus-nx-2-5-450h-18-1kwh-e-cvt-4wd-euro-6-s-s-5dr-5-door-suv-silver/fg24mwd
scuk_calculator_v1,5382,45000,27803380,47995,https://www.pinkstones.uk/used-cars/lexus-rz-300e-71-4kwh-premium-plus-auto-5dr-5-door-suv-sonic-grey/dy74rnz
scuk_calculator_v1,5382,55000,27803383,57995,https://www.pinkstones.uk/used-cars/lexus-rx-2-4-500h-turbo-f-sport-auto-direct4-euro-6-s-s-5dr-5-door-suv-silver/dl24uja
scuk_calculator_v1,5382,65000,27803385,68995,https://www.pinkstones.uk/used-cars/lexus-rc-f-5-0-v8-takumi-edition-auto-euro-6-2dr-2-door-coupe-titanium-carbide-grey/dp23whg
scuk_calculator_v1,5382,50000,27858367,50995,https://www.pinkstones.uk/used-cars/lexus-rx-2-5-450h-18-1kwh-prem-plus-e-cvt-4wd-euro-6-s-s-5dr-5-door-suv-blue/bp73pov
scuk_calculator_v1,5382,85000,27884654,89995,https://www.pinkstones.uk/used-cars/lexus-lc-5-0-500-v8-sport-plus-auto-euro-6-2dr-2-door-convertible-f-sport-white/dn70vcw
scuk_calculator_v1,5382,0,28019493,3285,https://www.pinkstones.uk/used-cars/volkswagen-up-1-0-bluemotion-tech-move-up-euro-5-s-s-3dr-3-door-hatchback-red/ca04tac
scuk_calculator_v1,5426,15000,25922336,15000,https://www.prcarsales.co.uk/used-hyundai-tucson-worthing-west-sussex-6355991
scuk_calculator_v1,5426,10000,26142038,12695,https://www.prcarsales.co.uk/used-skoda-fabia-worthing-west-sussex-6461273
scuk_calculator_v1,5426,5000,26980798,7000,https://www.prcarsales.co.uk/used-fiat-panda-worthing-west-sussex-6675194
scuk_calculator_v1,5426,20000,27879269,21000,https://www.prcarsales.co.uk/used-ford-transit-custom-worthing-west-sussex-6901056
scuk_calculator_v1,5426,25000,27998567,27000,https://www.prcarsales.co.uk/used-land-rover-range-rover-evoque-worthing-west-sussex-6870826
scuk_calculator_v1,5426,35000,28089476,38000,https://www.prcarsales.co.uk/used-ford-transit-custom-worthing-west-sussex-6951874
scuk_calculator_v1,5426,0,28102478,4300,https://www.prcarsales.co.uk/used-toyota-aygo-worthing-west-sussex-6958589
scuk_calculator_v1,5579,10000,19186816,14495,https://www.dudleymotorco.co.uk/used-cars/hyundai-ioniq-38-3kwh-premium-hatchback-5dr-electric-auto-136-ps-5-door-hatchback-white/bd71efh
scuk_calculator_v1,5579,30000,23240606,30995,https://www.dudleymotorco.co.uk/used-cars/suzuki-across-2-5-18-1kwh-suv-5dr-petrol-plug-in-hybrid-e-cvt-4wd-euro-6-s-s-287-ps-5-door-suv-black/vk23ljy
scuk_calculator_v1,5579,25000,23480919,25995,https://www.dudleymotorco.co.uk/used-cars/hyundai-ioniq-6-ioniq-6-ultimate-4-door-saloon-green/bd73hya
scuk_calculator_v1,5579,20000,23785937,23712,https://www.dudleymotorco.co.uk/used-cars/hyundai-ioniq-6-premium-saloon-4dr-electric-auto-77-4kwh-228-ps-4-door-saloon-grey/bw73jxo
scuk_calculator_v1,5579,15000,25428474,16495,https://www.dudleymotorco.co.uk/used-cars/hyundai-i10-1-2-premium-hatchback-5dr-petrol-auto-euro-6-s-s-84-ps-5-door-hatchback-white/cx73ygw
scuk_calculator_v1,5579,5000,26080486,7995,https://www.dudleymotorco.co.uk/used-cars/nissan-juke-1-6-tekna-suv-5dr-petrol-xtron-euro-6-117-ps-5-door-suv-blue/gc15byn
scuk_calculator_v1,5579,35000,26217609,35995,https://www.dudleymotorco.co.uk/used-cars/hyundai-tucson-1-6-t-gdi-13-8kwh-n-line-s-suv-5dr-petrol-plug-in-hybrid-auto-4wd-euro-6-s-s-253-ps-5-door-suv-silver/bw24zpl
scuk_calculator_v1,5579,0,26930893,4995,https://www.dudleymotorco.co.uk/used-cars/vauxhall-viva-1-0i-se-hatchback-5dr-petrol-manual-euro-6-75-ps-5-door-hatchback-blue/bd17uyu
scuk_calculator_v1,5579,40000,26930914,44999,https://www.dudleymotorco.co.uk/used-cars/peugeot-e-5008-73kwh-gt-suv-5dr-electric-auto-5-door-suv-grey/vk74fwy
scuk_calculator_v1,5579,45000,26944816,48900,https://www.dudleymotorco.co.uk/used-cars/hyundai-santa-fe-1-6-h-t-gdi-calligraphy-suv-5dr-petrol-hybrid-auto-4wd-euro-6-s-s-215-ps-5-door-suv-silver/f3spg
scuk_calculator_v1,5579,55000,28062380,57795,https://www.dudleymotorco.co.uk/used-cars/land-rover-defender-110-3-0-d250-mhev-x-dynamic-se-suv-5dr-diesel-auto-4wd-euro-6-s-s-250-ps-5-door-suv-black/mt72azv
scuk_calculator_v1,5582,5000,19596399,6995,http://www.dsgautomart.co.uk/car/EU19UUW
scuk_calculator_v1,5582,20000,21325449,24990,http://www.dsgautomart.co.uk/car/PJ23GLF
scuk_calculator_v1,5582,15000,22204618,16990,http://www.dsgautomart.co.uk/car/PJ72FRZ
scuk_calculator_v1,5582,55000,24414027,55735,http://www.dsgautomart.co.uk/car/PN24XFT
scuk_calculator_v1,5582,25000,25305438,28995,http://www.dsgautomart.co.uk/car/YY24OSG
scuk_calculator_v1,5582,10000,25978229,13995,http://www.dsgautomart.co.uk/car/YH21WMV
scuk_calculator_v1,5582,30000,26089347,33990,http://www.dsgautomart.co.uk/car/GK24OAE
scuk_calculator_v1,5582,45000,27750944,49990,http://www.dsgautomart.co.uk/car/PK25VLA
scuk_calculator_v1,5582,35000,28095807,38490,http://www.dsgautomart.co.uk/car/PN73ACY
scuk_calculator_v1,5603,40000,24205708,40299,https://www.imgselect.com/used-mazda-cx-60-warrington-cheshire-5989668
scuk_calculator_v1,5603,30000,24205709,32299,https://www.imgselect.com/used-mazda-cx-60-warrington-cheshire-5989669
scuk_calculator_v1,5603,25000,24205710,25999,https://www.imgselect.com/used-mazda-mx-30-warrington-cheshire-5989666
scuk_calculator_v1,5603,20000,25133533,20499,https://www.imgselect.com/used-mazda-2-warrington-cheshire-6216547
scuk_calculator_v1,5603,10000,26077233,14999,https://www.imgselect.com/used-toyota-aygo-x-warrington-cheshire-6443692
scuk_calculator_v1,5603,15000,26676325,18999,https://www.imgselect.com/used-seat-ibiza-warrington-cheshire-6594546
scuk_calculator_v1,5603,5000,27725223,5899,https://www.imgselect.com/used-vauxhall-viva-warrington-cheshire-6859171
scuk_calculator_v1,5640,10000,18820567,11995,https://www.jaggardbrothers.co.uk/vehicle/ford-fiesta-van-10t-ecoboost-sport-car-derived-van-3dr-petrol-manual-euro-6-ss-125-ps-in-newmarket-suffolk-10b81347-4cae-43e9-8643-e0a3bd523a05
scuk_calculator_v1,5640,5000,19586988,9950,https://www.jaggardbrothers.co.uk/vehicle/hyundai-i30-16-se-hatchback-5dr-petrol-automatic-in-newmarket-suffolk-c119e4fe-bd04-4f5f-bc9e-ed5aec422b9e
scuk_calculator_v1,5640,15000,21143611,17500,https://www.jaggardbrothers.co.uk/vehicle/ford-transit-20-350-ecoblue-leader-one-way-tipper-2dr-diesel-manual-rwd-l2-euro-6-ss-130-ps-in-newmarket-suffolk-49b86e2e-8c65-4b91-a54d-773a5f460156
scuk_calculator_v1,5640,0,25610584,4750,https://www.jaggardbrothers.co.uk/vehicle/fiat-500-lounge-in-newmarket-suffolk-dbb69ef1-0b48-4e49-8b67-11790246b7cf
scuk_calculator_v1,5640,20000,27326282,20995,https://www.jaggardbrothers.co.uk/vehicle/ford-transit-custom-300-limited-ecoblue-lwb-in-newmarket-suffolk-6887f785-95ba-4393-a0fd-dcaf6c6f2236
scuk_calculator_v1,5644,10000,26732092,13499,https://www.elmtreecars.com/used-land-rover-range-rover-evoque-wiltshire-wiltshire-6608541
scuk_calculator_v1,5644,20000,27372484,20599,https://www.elmtreecars.com/used-volvo-xc40-wiltshire-wiltshire-6775133
scuk_calculator_v1,5684,215000,26884356,219999,https://www.halliwelljones.co.uk/vehicle-details/bmw-z8-5-0-v8-euro-3-2dr-ls03zwz
scuk_calculator_v1,5684,5000,27767433,8995,https://www.halliwelljones.co.uk/vehicle-details/vauxhall-mokka-x-1-4i-turbo-ecotec-active-euro-6-s-s-5dr-cy68byd
scuk_calculator_v1,5684,105000,28051874,107999,https://www.halliwelljones.co.uk/vehicle-details/bmw-x5-m-4-4i-v8-competition-steptronic-xdrive-euro-6-s-s-5dr-de74zso
scuk_calculator_v1,5684,215000,26884356,219999,https://www.halliwelljones.co.uk/vehicle-details/bmw-z8-5-0-v8-euro-3-2dr-ls03zwz
scuk_calculator_v1,5684,5000,27767433,8995,https://www.halliwelljones.co.uk/vehicle-details/vauxhall-mokka-x-1-4i-turbo-ecotec-active-euro-6-s-s-5dr-cy68byd
scuk_calculator_v1,5684,105000,28051874,107999,https://www.halliwelljones.co.uk/vehicle-details/bmw-x5-m-4-4i-v8-competition-steptronic-xdrive-euro-6-s-s-5dr-de74zso
scuk_calculator_v1,5912,135000,28132530,138850,https://www.carsalesni.com/used-audi-rsq8-omagh-fermanagh-6684320
scuk_calculator_v1,6167,15000,24481180,15995,https://www.aaa-carsales.co.uk/used-mercedes-benz-gla-class-darlington-county-durham-6060530
scuk_calculator_v1,6167,5000,25254831,7328,https://www.aaa-carsales.co.uk/used-seat-ibiza-darlington-county-durham-6241582
scuk_calculator_v1,6167,10000,25517322,11621,https://www.aaa-carsales.co.uk/used-volkswagen-tiguan-darlington-county-durham-6309784
scuk_calculator_v1,6167,25000,25818633,29995,https://www.aaa-carsales.co.uk/used-porsche-911-darlington-county-durham-6376597
scuk_calculator_v1,6167,0,26454602,4881,https://www.aaa-carsales.co.uk/used-renault-clio-darlington-county-durham-6540904
scuk_calculator_v1,6310,40000,15945416,41694,https://www.integrityautomotive.co.uk/used-mercedes-benz-gle-class-ipswich-suffolk-4014343
scuk_calculator_v1,6310,20000,21039887,21348,https://www.integrityautomotive.co.uk/used-bmw-1-series-ipswich-suffolk-5251020
scuk_calculator_v1,6310,180000,21649791,180995,https://www.integrityautomotive.co.uk/used-porsche-911-ipswich-suffolk-5400770
scuk_calculator_v1,6310,15000,22572879,16399,https://www.integrityautomotive.co.uk/used-audi-q3-ipswich-suffolk-5610240
scuk_calculator_v1,6310,30000,22710575,32995,https://www.integrityautomotive.co.uk/used-bentley-continental-ipswich-suffolk-5022529
scuk_calculator_v1,6310,25000,23826936,27995,https://www.integrityautomotive.co.uk/used-bmw-m6-ipswich-suffolk-5897118
scuk_calculator_v1,6310,35000,25957198,35899,https://www.integrityautomotive.co.uk/used-mercedes-benz-sl-ipswich-suffolk-6413083
scuk_calculator_v1,6310,85000,26313733,85995,https://www.integrityautomotive.co.uk/used-ferrari-ff-ipswich-suffolk-6505490
scuk_calculator_v1,6310,0,27284469,4995,https://www.integrityautomotive.co.uk/used-honda-jazz-ipswich-suffolk-6757800
scuk_calculator_v1,6310,5000,27347162,8995,https://www.integrityautomotive.co.uk/used-hyundai-kona-ipswich-suffolk-6770255
scuk_calculator_v1,6310,80000,27560641,80000,https://www.integrityautomotive.co.uk/used-porsche-taycan-ipswich-suffolk-6823412
scuk_calculator_v1,6310,45000,27576132,46000,https://www.integrityautomotive.co.uk/used-jaguar-f-type-ipswich-suffolk-6827232
scuk_calculator_v1,6310,65000,27766250,69995,https://www.integrityautomotive.co.uk/used-aston-martin-db11-ipswich-suffolk-6867850
scuk_calculator_v1,6310,70000,28091610,72000,https://www.integrityautomotive.co.uk/used-land-rover-defender-ipswich-suffolk-6955605
scuk_calculator_v1,6531,85000,25968834,88950,https://www.dansonmotors.co.uk/used-land-rover-range-rover-sidcup-kent-6414201
scuk_calculator_v1,6531,5000,26438678,8950,https://www.dansonmotors.co.uk/used-vauxhall-corsa-sidcup-kent-6468084
scuk_calculator_v1,6531,10000,27097448,12950,https://www.dansonmotors.co.uk/used-volkswagen-caddy-sidcup-kent-6706462
scuk_calculator_v1,6531,25000,27477357,25950,https://www.dansonmotors.co.uk/used-nissan-100-nx-sidcup-kent-6803139
scuk_calculator_v1,6531,55000,27492441,57950,https://www.dansonmotors.co.uk/used-mercedes-benz-e-class-sidcup-kent-6805955
scuk_calculator_v1,6531,15000,27688713,19950,https://www.dansonmotors.co.uk/used-bmw-4-series-sidcup-kent-6750288
scuk_calculator_v1,6542,10000,25701099,12495,https://www.dplead.co.uk/cars/renault/captur/1.0-iconic-tce-90-my21/1268746/
scuk_calculator_v1,6542,5000,27052847,7495,https://www.dplead.co.uk/cars/seat/mii/1.0-12v-se/1379179/
scuk_calculator_v1,6598,25000,16371991,29950,https://www.dtperformancecars.co.uk/used-mitsubishi-lancer-atherstone-warwickshire-4127842
scuk_calculator_v1,6598,90000,20619747,94950,https://www.dtperformancecars.co.uk/used-honda-nsx-atherstone-warwickshire-4387272
scuk_calculator_v1,6598,15000,23845514,19950,https://www.dtperformancecars.co.uk/used-land-rover-range-rover-atherstone-warwickshire-5907065
scuk_calculator_v1,6598,30000,24559159,32950,https://www.dtperformancecars.co.uk/used-aston-martin-vantage-atherstone-warwickshire-6079386
scuk_calculator_v1,6598,5000,25151029,9950,https://www.dtperformancecars.co.uk/used-bmw-1-series-atherstone-warwickshire-6217667
scuk_calculator_v1,6598,65000,25579998,69950,https://www.dtperformancecars.co.uk/used-morgan-plus-8-atherstone-warwickshire-6325206
scuk_calculator_v1,6598,55000,25620209,59950,https://www.dtperformancecars.co.uk/used-dodge-challenger-atherstone-warwickshire-6118338
scuk_calculator_v1,6598,20000,26299277,24950,https://www.dtperformancecars.co.uk/used-jaguar-xkr-s-atherstone-warwickshire-6503775
scuk_calculator_v1,6598,35000,26344098,37950,https://www.dtperformancecars.co.uk/used-jaguar-xjs-atherstone-warwickshire-6514295
scuk_calculator_v1,6598,115000,27346505,119950,https://www.dtperformancecars.co.uk/used-bentley-brooklands-atherstone-warwickshire-6768885
scuk_calculator_v1,6660,10000,25050300,12695,https://www.whbrand.co.uk/used/mg-motor-uk/hs/15-t-gdi-exclusive-5dr/whaplode-drove-near-spalding/lincolnshire/21344668
scuk_calculator_v1,6660,55000,27608475,55995,https://www.whbrand.co.uk/used/mg-motor-uk/cyberster/375kw-gt-dual-motor-77kwh-awd/whaplode-drove-near-spalding/lincolnshire/21572294
scuk_calculator_v1,6660,20000,28052548,23495,https://www.whbrand.co.uk/used/mg-motor-uk/hs/15-t-gdi-trophy-5dr/whaplode-drove-near-spalding/lincolnshire/21601128
scuk_calculator_v1,6660,15000,28052549,19295,https://www.whbrand.co.uk/used/mg-motor-uk/zs/130kw-trophy-connect-ev-51kwh-5dr-auto/whaplode-drove-near-spalding/lincolnshire/21600992
scuk_calculator_v1,6660,5000,28052553,9495,https://www.whbrand.co.uk/used/mg-motor-uk/zs/15-vti-tech-excite-5dr/whaplode-drove-near-spalding/lincolnshire/21601188
scuk_calculator_v1,6782,5000,18530136,9995,https://www.woodcroftmotors.co.uk/details/used-car-in-thornaby/jaguar/xf/3.0d-s-v6-portfolio-sportbrake-auto-euro-5-ss-5dr/755605/
scuk_calculator_v1,6782,10000,20391629,14495,https://www.woodcroftmotors.co.uk/details/used-car-in-thornaby/kia/sportage/1.6-gdi-2-euro-6-ss-5dr/883570/
scuk_calculator_v1,6782,15000,21974788,15495,https://www.woodcroftmotors.co.uk/details/used-car-in-thornaby/audi/a7/3.0-tdi-v6-black-edition-sportback-s-tronic-quattro-euro-5-ss-5dr/997123/
scuk_calculator_v1,6782,0,24495966,4495,https://www.woodcroftmotors.co.uk/details/used-car-in-thornaby/kia/picanto/1.0-city-euro-5-3dr/1176070/
scuk_calculator_v1,6793,5000,18484381,8299,https://www.lesliecars.co.uk/cars/peugeot/108/1.0-petrol--allure-manual-5-door-ac-spare-wheel/752876/
scuk_calculator_v1,6793,0,25936152,4999,https://www.lesliecars.co.uk/cars/hyundai/i10/1.0-se/1287016/
scuk_calculator_v1,6896,5000,21200953,9889,https://www.hmitchellcarsales.co.uk/used-mazda-2-dewsbury-west-yorkshire-5293089
scuk_calculator_v1,6896,10000,25315974,10989,https://www.hmitchellcarsales.co.uk/used-hyundai-ix20-dewsbury-west-yorkshire-6258501
scuk_calculator_v1,6896,15000,26005055,16989,https://www.hmitchellcarsales.co.uk/used-ford-fiesta-dewsbury-west-yorkshire-6424669
scuk_calculator_v1,6896,0,28129674,4689,https://www.hmitchellcarsales.co.uk/used-ford-fiesta-dewsbury-west-yorkshire-6934487
scuk_calculator_v1,6908,10000,27020691,10990,https://www.southerncarsales.co.uk/used-audi-q3-brighton-east-sussex-6676479
scuk_calculator_v1,6965,10000,26759004,13250,https://www.meadensofhythe.co.uk/used/cars/toyota/yaris/1-5-vvt-i-icon-tech-hybrid-cvt-automatic-5dr-793
scuk_calculator_v1,6965,0,27523100,4995,https://www.meadensofhythe.co.uk/used/commercials/fiat/ducato/2-3d-multijet-low-loader-flatbed-with-ramps-851
scuk_calculator_v1,6965,5000,27716075,9495,https://www.meadensofhythe.co.uk/used/cars/kia/picanto/3-1-2-5dr-864
scuk_calculator_v1,6965,15000,27931236,17995,https://www.meadensofhythe.co.uk/used/cars/peugeot/3008/1-6-s-s-gt-phev-5dr-886
scuk_calculator_v1,6980,25000,24008240,27999,https://www.novacars.co.uk/details/specialist-van-in-newport/ford/tourneocustom/2.0-320-ecoblue-titanium-auto-l1-euro-6-ss-5dr/1138434/
scuk_calculator_v1,6980,10000,25970582,11250,https://www.novacars.co.uk/details/specialist-car-in-newport/ford/ecosport/1.0t-ecoboost-titanium-euro-6-ss-5dr/1290107/
scuk_calculator_v1,6980,20000,26400053,24999,https://www.novacars.co.uk/details/specialist-car-in-newport/bmw/m4/3.0-biturbo-competition-dct-euro-6-ss-2dr/1326332/
scuk_calculator_v1,6980,15000,26739554,15999,https://www.novacars.co.uk/details/specialist-car-in-newport/ford/mondeo/2.0-tdci-vignale-powershift-awd-euro-6-ss-5dr/1353074/
scuk_calculator_v1,6980,40000,26752908,42999,https://www.novacars.co.uk/details/specialist-car-in-newport/porsche/cayenne/3.0t-v6-tiptronics-4wd-euro-6-ss-5dr/902530/
scuk_calculator_v1,6980,5000,27095221,9999,https://www.novacars.co.uk/details/specialist-car-in-newport/ford/kuga/1.5t-ecoboost-zetec-euro-6-ss-5dr/798594/
scuk_calculator_v1,6980,30000,27347176,32000,https://www.novacars.co.uk/details/specialist-car-in-newport/bmw/2series/2.0-m235i-auto-xdrive-euro-6-ss-4dr/1404407/
scuk_calculator_v1,6980,55000,27546771,57999,https://www.novacars.co.uk/details/specialist-van-in-newport/volkswagen/transporter/2.0-tdi-t30-highline-campervan-fwd/1421262/
scuk_calculator_v1,7161,15000,24156631,19995,https://www.gahoggandson.co.uk/cars/landrover/discoverysport/2.0-d150-se/1131294/
scuk_calculator_v1,7161,5000,25655892,9995,https://www.gahoggandson.co.uk/vans/peugeot/partner/1.5-bluehdi-1000-asphalt/1265580/
scuk_calculator_v1,7161,10000,26650126,13795,https://www.gahoggandson.co.uk/cars/audi/q2/1.6-tdi-30-sport/1346072/
scuk_calculator_v1,7262,5000,25390443,5500,https://www.drumnasoocarsales.co.uk/used-cars/mini-cooper-16-convertible/19576
scuk_calculator_v1,7262,10000,26210409,11995,https://www.drumnasoocarsales.co.uk/used-cars/bmw-320d-sport-auto-heated-leather-seats-sat-nav-35-road-tax/19583
scuk_calculator_v1,7378,15000,26369083,16995,https://www.gothamcarsales.co.uk/used-ford-fiesta-nottingham-nottinghamshire-6510267
scuk_calculator_v1,7378,20000,27609243,24995,https://www.gothamcarsales.co.uk/used-mini-hatch-nottingham-nottinghamshire-6819412
scuk_calculator_v1,7463,10000,26009445,11499,https://www.townandcountrycarskent.co.uk/vehicle/mg-mg-zs-10-t-gdi-exclusive-auto-euro-6-5dr-in-rainham-kent-423cb218-b3ce-4662-b44e-b21000b76774
scuk_calculator_v1,7463,5000,26666179,9999,https://www.townandcountrycarskent.co.uk/vehicle/nissan-juke-16-n-connecta-xtron-euro-6-5dr-in-rainham-kent-b9a5d4d8-d053-403d-8431-b25a01005c78
scuk_calculator_v1,7463,15000,27453767,19999,https://www.townandcountrycarskent.co.uk/vehicle/mitsubishi-l200-24-di-d-dc-barbarian-black-auto-4wd-euro-6-4dr-roll-top-in-rainham-kent-83f75a04-00a4-4033-895d-b2a300bcd5a3
scuk_calculator_v1,7463,0,27599231,2499,https://www.townandcountrycarskent.co.uk/vehicle/citroen-xsara-picasso-16i-16v-desire-5dr-in-rainham-kent-25a283b3-853f-4492-9548-b2ae0114ae41
scuk_calculator_v1,7495,5000,26792521,8495,https://www.garland-motors.co.uk/cars/fiat/barchetta/1.8-barchetta/1344088/
scuk_calculator_v1,7495,15000,27420987,19995,https://www.garland-motors.co.uk/cars/tesla/model3/dual-motor-performance/1405483/
scuk_calculator_v1,7495,20000,27755566,20695,https://www.garland-motors.co.uk/cars/subaru/brz/2.0-i-se-lux/1431953/
scuk_calculator_v1,7566,0,26823683,2498,https://www.motorlux.co.uk/used/peugeot/307-sw/16-se-5dr/wantage/oxfordshire/21525045
scuk_calculator_v1,7566,15000,27113345,16989,https://www.motorlux.co.uk/used/mazda/mx-30/electric-hatchback-makoto/newbury/berkshire/21543132
scuk_calculator_v1,7566,20000,27339092,20880,https://www.motorlux.co.uk/used/mazda/cx-5/cx-5-estate-sport/newbury/berkshire/21556751
scuk_calculator_v1,7566,5000,27495138,9498,https://www.motorlux.co.uk/used/ford/kuga/20-tdci-150-titanium-5dr-2wd/wantage/oxfordshire/21566105
scuk_calculator_v1,7566,10000,27510675,11998,https://www.motorlux.co.uk/used/ford/puma/10-ecoboost-hybrid-mhev-titanium-first-ed-5dr/wantage/oxfordshire/21565026
scuk_calculator_v1,7566,25000,27837146,25353,https://www.motorlux.co.uk/used/mazda/cx-30/hatchback-exclusive-line/newbury/berkshire/21586150
scuk_calculator_v1,7566,45000,28056701,46885,https://www.motorlux.co.uk/used/mazda/cx-60/estate-homura-plus/newbury/berkshire/21600825
scuk_calculator_v1,8049,15000,26153927,16990,https://www.bhgmotorgroup.co.uk/used/seat/alhambra/20-tdi-cr-xcellence-150-5dr-dsg/bushey/hertfordshire/21458489
scuk_calculator_v1,8049,5000,27380036,9290,https://www.bhgmotorgroup.co.uk/used/nissan/leaf/110kw-tekna-40kwh-5dr-auto/bushey/hertfordshire/21559016
scuk_calculator_v1,8049,20000,28028343,20490,https://www.bhgmotorgroup.co.uk/used/bmw/x1/sdrive-18i-136-xline-5dr/bushey/hertfordshire/21598688
scuk_calculator_v1,8108,25000,22180877,27490,https://www.csgmotorcompany.com/used/porsche/boxster/34-s-2dr-pdk-9331-options-pcm-parking-sensors-pdls-seats/chalfont-st-giles/buckinghamshire/21062086
scuk_calculator_v1,8108,10000,23802591,10490,https://www.csgmotorcompany.com/used/kia/sportage/16-gdi-isg-2-5dr-fksh-cruise-hseats-car-play/chalfont-st-giles/buckinghamshire/21207082
scuk_calculator_v1,8108,45000,24372180,49990,https://www.csgmotorcompany.com/used/land-rover/defender-110/adventure-station-wagon-tdci-22-one-owner-fsh-one-of-200-made/chalfont-st-giles/buckinghamshire/21256993
scuk_calculator_v1,8108,15000,25752941,15990,https://www.csgmotorcompany.com/used/volkswagen/tiguan/20-tdi-150-4motion-match-5dr-nav-fvsh-self-park-19-alloys/chalfont-st-giles/buckinghamshire/21415129
scuk_calculator_v1,8108,20000,25955241,23990,https://www.csgmotorcompany.com/used/toyota/proace/20d-140-icon-van-lwb-ply-lined-apple-car-play-/chalfont-st-giles/buckinghamshire/234120
scuk_calculator_v1,8108,5000,26222222,8690,https://www.csgmotorcompany.com/used/skoda/citigo/10-mpi-greentech-se-l-5dr-heated-seats-parking-sesnosr-air-con-aloys/chalfont-st-giles/buckinghamshire/21463994
scuk_calculator_v1,8108,30000,26719747,31990,https://www.csgmotorcompany.com/used/lexus/nx/300h-25-5dr-cvt-8-nav-premium-sport-edition-premium-pack-pan-roof-flsh/chalfont-st-giles/buckinghamshire/21515533
scuk_calculator_v1,8108,80000,27563682,84990,https://www.csgmotorcompany.com/used/porsche/911/gts-2dr-pdk-gts-interior-pack-adaptive-seats-bose-park-assist/chalfont-st-giles/buckinghamshire/21570100
scuk_calculator_v1,8188,5000,21012491,6995,https://www.ccspecialistcars.co.uk/used-mercedes-benz-s-class-coupe-manchester-4843845
scuk_calculator_v1,8188,10000,23042407,13495,https://www.ccspecialistcars.co.uk/used-bentley-continental-flying-spur-manchester-5724455
scuk_calculator_v1,8188,75000,24573318,79995,https://www.ccspecialistcars.co.uk/used-bentley-continental-manchester-6081924
scuk_calculator_v1,8188,30000,24646855,34995,https://www.ccspecialistcars.co.uk/used-bentley-continental-manchester-6067127
scuk_calculator_v1,8188,35000,25617486,36995,https://www.ccspecialistcars.co.uk/used-dodge-challenger-manchester-6328750
scuk_calculator_v1,8188,15000,27116311,19995,https://www.ccspecialistcars.co.uk/used-bentley-arnage-manchester-6701005
scuk_calculator_v1,8188,20000,27819639,22995,https://www.ccspecialistcars.co.uk/used-audi-a4-avant-manchester-6877902
scuk_calculator_v1,8188,50000,27983867,52995,https://www.ccspecialistcars.co.uk/used-jeep-wrangler-manchester-6929598
scuk_calculator_v1,8188,25000,28114945,25995,https://www.ccspecialistcars.co.uk/used-land-rover-range-rover-evoque-manchester-6963463
scuk_calculator_v1,8281,15000,25243095,17995,https://www.balmerlawngroup.co.uk/used-car-details/used-volkswagen-taigo-10-tsi-life-euro-6-ss-5dr-suv-silver-manual-petrol/id-202408092708466/
scuk_calculator_v1,8281,25000,26774405,27995,https://www.balmerlawngroup.co.uk/used-car-details/used-abarth-500e-c-42kwh-turismo-auto-2dr-convertible-green-automatic-electric/id-202501158048025/
scuk_calculator_v1,8281,0,27818174,4990,https://www.balmerlawngroup.co.uk/used-car-details/used-citroen-c1-12-puretech-flair-euro-5-5dr-hatchback-grey-manual-petrol/id-202504161389988/
scuk_calculator_v1,8294,15000,24106468,16901,https://www.wavmob.co.uk/used-renault-master-waterlooville-hampshire-5967028
scuk_calculator_v1,8294,10000,24718348,14701,https://www.wavmob.co.uk/used-renault-master-waterlooville-hampshire-6116283
scuk_calculator_v1,8294,5000,26828267,6401,https://www.wavmob.co.uk/used-peugeot-partner-tepee-waterlooville-hampshire-6636662
scuk_calculator_v1,8294,25000,26841274,29901,https://www.wavmob.co.uk/used-ford-grand-tourneo-connect-waterlooville-hampshire-6395323
scuk_calculator_v1,8294,20000,26929356,20901,https://www.wavmob.co.uk/used-ford-tourneo-custom-waterlooville-hampshire-6663356
scuk_calculator_v1,8294,30000,27335366,31945,https://www.wavmob.co.uk/used-volkswagen-transporter-waterlooville-hampshire-6767292
scuk_calculator_v1,8294,35000,27757748,36945,https://www.wavmob.co.uk/used-ford-grand-tourneo-connect-waterlooville-hampshire-6869253
scuk_calculator_v1,8294,40000,28102145,41945,https://www.wavmob.co.uk/used-renault-master-waterlooville-hampshire-6959846
scuk_calculator_v1,8329,25000,21571466,27950,https://www.maundrells.co.uk/porsche-macan-v6-turbo-5dr-petrol-pdk-4wd-euro-6-400-ps-in-oxfordshire-604338ea-f66e-4bab-bb51-b0b200eb331b
scuk_calculator_v1,8329,35000,25117490,35750,https://www.maundrells.co.uk/porsche-panamera-v6-4s-saloon-5dr-petrol-pdk-4wd-euro-6-440-ps-in-oxfordshire-3375c2f6-8f47-45e8-bf0d-4facb58dd1c0
scuk_calculator_v1,8329,45000,25760210,46450,https://www.maundrells.co.uk/porsche-taycan-performance-plus-93-4kwh-turbo-saloon-4dr-electric-auto-4wd-680-ps-in-oxfordshire-8a38f372-7708-4977-a59f-f1fefd505b7c
scuk_calculator_v1,8329,50000,25831161,52450,https://www.maundrells.co.uk/porsche-panamera-v6-gpf-4s-sport-turismo-5dr-petrol-pdk-4wd-euro-6-440-ps-in-oxfordshire-64c5417c-456e-43a6-a8d2-c3e1cb8715e7
scuk_calculator_v1,8329,65000,26284462,67950,https://www.maundrells.co.uk/porsche-911-997-turbo-coupe-2dr-petrol-pdk-awd-268-g-km-500-bhp-in-oxfordshire-7c717b68-0977-4560-973e-629edd7f612e
scuk_calculator_v1,8329,30000,26384358,34250,https://www.maundrells.co.uk/porsche-panamera-td-v8-4s-5dr-diesel-pdk-4wd-euro-6-421-ps-in-oxfordshire-022152ca-60d6-4ffa-a4bc-a7a3a40994e3
scuk_calculator_v1,8329,15000,26631440,17950,https://www.maundrells.co.uk/honda-s2000-2-0-roadster-convertible-petrol-manual-237-g-km-236-bhp-in-oxfordshire-040de32f-cf2c-4c0d-87a9-9d7420c6c93e
scuk_calculator_v1,8329,40000,26757354,41995,https://www.maundrells.co.uk/tesla-model-x-dual-motor-performance-suv-5dr-electric-auto-4wde-ludicrous-603-bhp-in-oxfordshire-49fb70bd-3fed-459b-b362-352e3114bc91
scuk_calculator_v1,8329,20000,27268806,23995,https://www.maundrells.co.uk/porsche-macan-3-0-td-v6-s-5dr-diesel-pdk-4wd-euro-6-258-ps-in-oxfordshire-3bb313b2-ceba-4d42-b6e0-54aaa3323966
scuk_calculator_v1,8329,70000,27303985,70450,https://www.maundrells.co.uk/audi-rs6-avant-4-0-tfsi-v8-carbon-black-avant-5dr-petrol-tiptronic-quattro-euro-6-600-ps-in-oxfordshire-41fd4169-47db-44bf-83c6-bfa45a4f5e12
scuk_calculator_v1,8329,55000,27477938,57995,https://www.maundrells.co.uk/land-rover-defender-110-2-2-tdci-bespoke-county-pickup-double-cab-4dr-diesel-manual-4wd-mwb-euro-5-122-ps-in-oxfordshire-e2c6314a-bb56-481f-9761-3ec8b8d6fb5b
scuk_calculator_v1,8329,75000,27832191,79950,https://www.maundrells.co.uk/porsche-cayman-3-8-981-gt4-coupe-2dr-petrol-manual-euro-6-385-ps-in-oxfordshire-15c8bd2d-bd9d-4db4-bb07-e22d38e466c6
scuk_calculator_v1,8329,10000,27832199,14995,https://www.maundrells.co.uk/porsche-boxster-3-2-987-s-convertible-petrol-manual-248-g-km-280-bhp-in-oxfordshire-4cffc1cf-7ed0-412d-8398-18a1a30fc20b
scuk_calculator_v1,8329,80000,28127984,82950,https://www.maundrells.co.uk/aston-martin-db11-5-2-v12-coupe-2dr-petrol-auto-euro-6-s-s-608-ps-in-oxfordshire-941e27a1-5b2b-4b9e-ba05-a9fb23dd62f8
scuk_calculator_v1,8405,10000,21697068,14600,https://www.euromotorco.co.uk/used-jaguar-xk-rotherham-south-yorkshire-3955782
scuk_calculator_v1,8405,40000,21771271,41995,https://www.euromotorco.co.uk/used-volkswagen-t6-camper-van-rotherham-south-yorkshire-4555310
scuk_calculator_v1,8405,0,26577362,2300,https://www.euromotorco.co.uk/used-peugeot-partner-rotherham-south-yorkshire-4341008
scuk_calculator_v1,8405,15000,26975384,16400,https://www.euromotorco.co.uk/used-audi-a3-rotherham-south-yorkshire-6671202
scuk_calculator_v1,8405,5000,27678508,6986,https://www.euromotorco.co.uk/used-fiat-500-rotherham-south-yorkshire-6848383
scuk_calculator_v1,8405,25000,27850266,29425,https://www.euromotorco.co.uk/used-lexus-rc-rotherham-south-yorkshire-6892013
scuk_calculator_v1,8438,0,22068468,2450,https://www.blackburnsuk.co.uk/used-peugeot-307-darlington-county-durham-2107540
scuk_calculator_v1,8438,30000,25884528,30999,https://www.blackburnsuk.co.uk/used-bmw-x1-darlington-county-durham-6393226
scuk_calculator_v1,8438,5000,26979377,7950,https://www.blackburnsuk.co.uk/used-vauxhall-combo-darlington-county-durham-6345406
scuk_calculator_v1,8438,25000,27006605,28950,https://www.blackburnsuk.co.uk/used-land-rover-discovery-sport-darlington-county-durham-6683020
scuk_calculator_v1,8438,10000,27143469,12950,https://www.blackburnsuk.co.uk/used-mini-hatch-darlington-county-durham-6694125
scuk_calculator_v1,8438,15000,27334134,19950,https://www.blackburnsuk.co.uk/used-jaguar-f-type-darlington-county-durham-6767779
scuk_calculator_v1,8438,0,22068468,2450,https://www.blackburnsuk.co.uk/used-peugeot-307-darlington-county-durham-2107540
scuk_calculator_v1,8438,30000,25884528,30999,https://www.blackburnsuk.co.uk/used-bmw-x1-darlington-county-durham-6393226
scuk_calculator_v1,8438,5000,26979377,7950,https://www.blackburnsuk.co.uk/used-vauxhall-combo-darlington-county-durham-6345406
scuk_calculator_v1,8438,25000,27006605,28950,https://www.blackburnsuk.co.uk/used-land-rover-discovery-sport-darlington-county-durham-6683020
scuk_calculator_v1,8438,10000,27143469,12950,https://www.blackburnsuk.co.uk/used-mini-hatch-darlington-county-durham-6694125
scuk_calculator_v1,8438,15000,27334134,19950,https://www.blackburnsuk.co.uk/used-jaguar-f-type-darlington-county-durham-6767779
scuk_calculator_v1,8475,20000,21712291,20995,https://www.pevenseybaycarcentre.com/used/cars/bmw-x3-xdrive35d-m-sport-5-dr-step-auto-8-6375/
scuk_calculator_v1,8475,10000,21712303,11995,https://www.pevenseybaycarcentre.com/used/cars/ford-focus-titanium-x-nav-ecoboost-125-5-dr-6-6543/
scuk_calculator_v1,8475,5000,21712315,9995,https://www.pevenseybaycarcentre.com/used/cars/audi-a1-s-line-tfsi-style-special-edition-5-dr-6-6582/
scuk_calculator_v1,8475,15000,21823168,16995,https://www.pevenseybaycarcentre.com/used/cars/nissan-juke-n-connecta-dig-t-5-dr-dct-auto-7-6633/
scuk_calculator_v1,8475,0,28100213,3695,https://www.pevenseybaycarcentre.com/used/cars/mini-hatch-cooper-cooper-s-6-6905/
scuk_calculator_v1,8560,10000,22495845,11000,https://www.lighthousecarcentre.co.uk/used/cars/volkswagen/beetle/2-0-sport-tsi-dsg-automatic-1-previous-owner-5-services-207-bhp-1062
scuk_calculator_v1,8560,5000,22495895,6500,https://www.lighthousecarcentre.co.uk/used/cars/smart/fortwo-coupe/1-0-prime-premium-1-previous-owner-low-insurance-20-r-tax-7-services-1060
scuk_calculator_v1,8705,25000,23025044,27990,https://www.perkinsgarages.co.uk/index.php?id=20&vehicle=5685
scuk_calculator_v1,8705,15000,23762428,18990,https://www.perkinsgarages.co.uk/index.php?id=20&vehicle=5797
scuk_calculator_v1,8705,30000,26239027,34490,https://www.perkinsgarages.co.uk/index.php?id=20&vehicle=6015
scuk_calculator_v1,8705,40000,27487258,40990,https://www.perkinsgarages.co.uk/index.php?id=20&vehicle=6133
scuk_calculator_v1,8705,50000,27718368,54990,https://www.perkinsgarages.co.uk/index.php?id=20&vehicle=6150
scuk_calculator_v1,8705,45000,27958033,49990,https://www.perkinsgarages.co.uk/index.php?id=20&vehicle=6168
scuk_calculator_v1,8705,35000,28029185,35990,https://www.perkinsgarages.co.uk/index.php?id=20&vehicle=6182
scuk_calculator_v1,8705,5000,28103386,8990,https://www.perkinsgarages.co.uk/index.php?id=20&vehicle=6185
scuk_calculator_v1,8810,10000,23902549,11995,https://www.lovealfa.co.uk/vehicle/maserati-coupe-gt-4-2-v8-6-speed-2-door-coupe-52-2002/
scuk_calculator_v1,8810,5000,26303240,8995,https://www.lovealfa.co.uk/vehicle/alfa-romeo-mito-1-4-tb-multiair-170-quadrifoglio-verde-tct-start-stop-3dr-hatchback-64-2014/
scuk_calculator_v1,8810,0,27592812,4495,https://www.lovealfa.co.uk/vehicle/alfa-romeo-giulietta-1-6-jtdm-2-lusso-5dr-hatchback-122012/
scuk_calculator_v1,9025,15000,26553569,18995,https://www.skinnersnet.com/used-cars/18998372-peugeot-3008-puretech-s-s-allure-premium-automatic/
scuk_calculator_v1,9025,20000,27012152,24495,https://www.skinnersnet.com/used-cars/19204076-ford-mustang-mach-e-extended-range-automatic/
scuk_calculator_v1,9025,25000,27341469,25495,https://www.skinnersnet.com/used-cars/19345719-volkswagen-touareg-v6-sel-tdi-automatic/
scuk_calculator_v1,9025,10000,27441386,14995,https://www.skinnersnet.com/used-cars/19387053-volvo-xc60-d4-r-design-lux-automatic/
scuk_calculator_v1,9025,30000,27497405,31995,https://www.skinnersnet.com/used-cars/19408043-audi-q5-tdi-quattro-s-line-automatic-mhev/
scuk_calculator_v1,9025,5000,27852269,9495,https://www.skinnersnet.com/used-cars/15230726-nissan-qashqai-dci-tekna/
scuk_calculator_v1,9025,45000,27925410,46995,https://www.skinnersnet.com/used-cars/19582659-porsche-cayenne-v8-t-tiptronic/
